Data Source,KPI Name,KPI Category,Target,Source Type,KPI Count for this Source
CI/CD Pipeline Analytics,Automation Coverage %,Operational Efficiency & Automation,>80% of routine processes automated,Secondary,4
CI/CD Pipeline Analytics,Change Success Rate,Operational Efficiency & Automation,>95% success rate,Primary,4
CI/CD Pipeline Analytics,Cost per Service/Application,Cost Optimization & Financial Management,Downward trend month-over-month,Secondary,4
CI/CD Pipeline Analytics,Deployment Frequency,Resource & Performance Management,"Daily deployments for non-critical, weekly for critical",Primary,4
Application Performance Monitoring (APM),Cost per Service/Application,Cost Optimization & Financial Management,Downward trend month-over-month,Primary,3
Application Performance Monitoring (APM),Mean Time to Recovery (MTTR),Operational Efficiency & Automation,<4 hours for critical services,Secondary,3
Application Performance Monitoring (APM),Service Availability/Uptime %,Operational Efficiency & Automation,99.9% for critical services,Primary,3
Change Management Systems,Change Success Rate,Operational Efficiency & Automation,>95% success rate,Primary,3
Change Management Systems,Time to Market for New Services,Service Delivery & Customer Experience,30% reduction year-over-year,Secondary,3
Change Management Systems,Vulnerability Patching Time,Security & Compliance,<72 hours for critical vulnerabilities,Secondary,3
Cloud Cost Management Platforms,Cloud Spend Optimization Rate,Cost Optimization & Financial Management,>85% of resources optimized,Primary,3
Cloud Cost Management Platforms,Cost per Service/Application,Cost Optimization & Financial Management,Downward trend month-over-month,Primary,3
Cloud Cost Management Platforms,Total Cost of Ownership (TCO) Reduction %,Cost Optimization & Financial Management,10-15% annual reduction,Primary,3
Configuration Management Tools,Automation Coverage %,Operational Efficiency & Automation,>80% of routine processes automated,Secondary,3
Configuration Management Tools,Infrastructure Standardization Rate,Resource & Performance Management,>90% standardization,Primary,3
Configuration Management Tools,Vulnerability Patching Time,Security & Compliance,<72 hours for critical vulnerabilities,Secondary,3
Deployment Automation Platforms,Change Success Rate,Operational Efficiency & Automation,>95% success rate,Primary,3
Deployment Automation Platforms,Deployment Frequency,Resource & Performance Management,"Daily deployments for non-critical, weekly for critical",Primary,3
Deployment Automation Platforms,Time to Market for New Services,Service Delivery & Customer Experience,30% reduction year-over-year,Secondary,3
Asset Discovery Tools,Infrastructure Standardization Rate,Resource & Performance Management,>90% standardization,Primary,2
Asset Discovery Tools,Vulnerability Patching Time,Security & Compliance,<72 hours for critical vulnerabilities,Primary,2
Contract Management Systems,Service Level Agreement (SLA) Compliance,Service Delivery & Customer Experience,>99% compliance,Secondary,2
Contract Management Systems,Total Cost of Ownership (TCO) Reduction %,Cost Optimization & Financial Management,10-15% annual reduction,Secondary,2
Feature Flag Management,Change Success Rate,Operational Efficiency & Automation,>95% success rate,Secondary,2
Feature Flag Management,Deployment Frequency,Resource & Performance Management,"Daily deployments for non-critical, weekly for critical",Secondary,2
Help Desk Systems,Customer Satisfaction Score (CSAT),Service Delivery & Customer Experience,>4.5/5.0 or >90%,Primary,2
Help Desk Systems,First Contact Resolution Rate,Service Delivery & Customer Experience,>75% first contact resolution,Primary,2
IT Service Management (ITSM),Mean Time to Recovery (MTTR),Operational Efficiency & Automation,<4 hours for critical services,Primary,2
IT Service Management (ITSM),Service Level Agreement (SLA) Compliance,Service Delivery & Customer Experience,>99% compliance,Primary,2
Incident Management Systems,Mean Time to Recovery (MTTR),Operational Efficiency & Automation,<4 hours for critical services,Primary,2
Incident Management Systems,Root Cause Analysis Resolution Rate,Continuous Improvement & Analytics,>90% of major incidents,Primary,2
Infrastructure Monitoring Tools,Resource Utilization Rate,Resource & Performance Management,70-85% optimal utilization,Primary,2
Infrastructure Monitoring Tools,Service Availability/Uptime %,Operational Efficiency & Automation,99.9% for critical services,Primary,2
Infrastructure as Code (IaC),Automation Coverage %,Operational Efficiency & Automation,>80% of routine processes automated,Primary,2
Infrastructure as Code (IaC),Infrastructure Standardization Rate,Resource & Performance Management,>90% standardization,Primary,2
SLA Management Systems,Service Availability/Uptime %,Operational Efficiency & Automation,99.9% for critical services,Secondary,2
SLA Management Systems,Service Level Agreement (SLA) Compliance,Service Delivery & Customer Experience,>99% compliance,Primary,2
Security Information and Event Management (SIEM),Security Compliance Score,Security & Compliance,>95% compliance,Primary,2
Security Information and Event Management (SIEM),Security Incident Response Time,Security & Compliance,<1 hour for high-severity incidents,Primary,2
Self-Service Analytics,Data Analytics Utilization Rate,Innovation & Technology Integration,>80% of operational decisions,Secondary,2
Self-Service Analytics,First Contact Resolution Rate,Service Delivery & Customer Experience,>75% first contact resolution,Primary,2
A/B Testing Platforms,Predictive Analytics Accuracy,Continuous Improvement & Analytics,>85% prediction accuracy,Secondary,1
AI/ML Analytics,"Cloud, Data & AI Integration Score",Innovation & Technology Integration,>60% of services integrated,Primary,1
AIOps Platforms,Event Correlation Effectiveness,Continuous Improvement & Analytics,>60% event correlation,Primary,1
API Management,"Cloud, Data & AI Integration Score",Innovation & Technology Integration,>60% of services integrated,Primary,1
Agent Performance Management,First Contact Resolution Rate,Service Delivery & Customer Experience,>75% first contact resolution,Secondary,1
Alerting Platforms,Service Level Agreement (SLA) Compliance,Service Delivery & Customer Experience,>99% compliance,Secondary,1
Analytics Usage Tracking,Data Analytics Utilization Rate,Innovation & Technology Integration,>80% of operational decisions,Primary,1
Architecture Management,Technology Modernization Index,Innovation & Technology Integration,>70% modern technology adoption,Primary,1
Audit Management Systems,Security Compliance Score,Security & Compliance,>95% compliance,Secondary,1
Audit Monitoring Tools,Policy Violation Rate,Security & Compliance,<2% violation rate,Secondary,1
Auto-scaling Systems,Cloud Spend Optimization Rate,Cost Optimization & Financial Management,>85% of resources optimized,Secondary,1
Automation Platforms,Automation Coverage %,Operational Efficiency & Automation,>80% of routine processes automated,Primary,1
Behavioral Analytics,Event Correlation Effectiveness,Continuous Improvement & Analytics,>60% event correlation,Secondary,1
Budget Planning Tools,Total Cost of Ownership (TCO) Reduction %,Cost Optimization & Financial Management,10-15% annual reduction,Secondary,1
Business Intelligence Platforms,Data Analytics Utilization Rate,Innovation & Technology Integration,>80% of operational decisions,Primary,1
Business Service Management,Service Level Agreement (SLA) Compliance,Service Delivery & Customer Experience,>99% compliance,Primary,1
Capacity Planning Systems,Resource Utilization Rate,Resource & Performance Management,70-85% optimal utilization,Primary,1
Change Advisory Board Tools,Change Success Rate,Operational Efficiency & Automation,>95% success rate,Primary,1
Change Impact Assessment,Process Improvement Implementation Rate,Continuous Improvement & Analytics,5+ improvements per quarter,Secondary,1
Cloud APIs,Multi-Cloud Management Efficiency,Resource & Performance Management,Industry benchmark +10%,Secondary,1
Cloud Broker Tools,Multi-Cloud Management Efficiency,Resource & Performance Management,Industry benchmark +10%,Primary,1
Cloud Governance,Multi-Cloud Management Efficiency,Resource & Performance Management,Industry benchmark +10%,Primary,1
Cloud Management Platforms,"Cloud, Data & AI Integration Score",Innovation & Technology Integration,>60% of services integrated,Primary,1
Cloud Migration Tools,Technology Modernization Index,Innovation & Technology Integration,>70% modern technology adoption,Secondary,1
Cloud Provider APIs,Service Availability/Uptime %,Operational Efficiency & Automation,99.9% for critical services,Secondary,1
Cloud Provider Tools,Multi-Cloud Management Efficiency,Resource & Performance Management,Industry benchmark +10%,Secondary,1
Cloud Resource Management,Resource Utilization Rate,Resource & Performance Management,70-85% optimal utilization,Primary,1
Cloud Resource Tagging Systems,Cost per Service/Application,Cost Optimization & Financial Management,Downward trend month-over-month,Secondary,1
Cloud Security Platforms,Multi-Cloud Management Efficiency,Resource & Performance Management,Industry benchmark +10%,Secondary,1
Cloud Security Posture Management,Security Compliance Score,Security & Compliance,>95% compliance,Secondary,1
Collaborative Platforms,Innovation Pipeline Velocity,Innovation & Technology Integration,2-3 major initiatives per quarter,Secondary,1
Communication Platforms,Mean Time to Recovery (MTTR),Operational Efficiency & Automation,<4 hours for critical services,Secondary,1
Communication Systems,Security Incident Response Time,Security & Compliance,<1 hour for high-severity incidents,Secondary,1
Compliance Tools,Infrastructure Standardization Rate,Resource & Performance Management,>90% standardization,Secondary,1
Configuration Assessment Tools,Security Compliance Score,Security & Compliance,>95% compliance,Secondary,1
Configuration Management Database (CMDB),Infrastructure Standardization Rate,Resource & Performance Management,>90% standardization,Primary,1
Contact Center Analytics,First Contact Resolution Rate,Service Delivery & Customer Experience,>75% first contact resolution,Primary,1
Container Orchestration Analytics,Resource Utilization Rate,Resource & Performance Management,70-85% optimal utilization,Secondary,1
Container Orchestration Platforms,Cost per Service/Application,Cost Optimization & Financial Management,Downward trend month-over-month,Secondary,1
Container Registry Analytics,Deployment Frequency,Resource & Performance Management,"Daily deployments for non-critical, weekly for critical",Secondary,1
Continuous Improvement Platforms,Process Improvement Implementation Rate,Continuous Improvement & Analytics,5+ improvements per quarter,Primary,1
Contract Lifecycle Management,Vendor Cost Savings,Cost Optimization & Financial Management,5-10% savings on renewals,Primary,1
Contract Repositories,Vendor Cost Savings,Cost Optimization & Financial Management,5-10% savings on renewals,Secondary,1
Correlation Systems,Event Correlation Effectiveness,Continuous Improvement & Analytics,>60% event correlation,Primary,1
Cost Optimization Platforms,Cloud Spend Optimization Rate,Cost Optimization & Financial Management,>85% of resources optimized,Primary,1
Cost Optimization Tools,Total Cost of Ownership (TCO) Reduction %,Cost Optimization & Financial Management,10-15% annual reduction,Secondary,1
Cross-Cloud Monitoring,Multi-Cloud Management Efficiency,Resource & Performance Management,Industry benchmark +10%,Primary,1
Customer Experience Monitoring,Service Availability/Uptime %,Operational Efficiency & Automation,99.9% for critical services,Secondary,1
Customer Experience Platforms,Customer Satisfaction Score (CSAT),Service Delivery & Customer Experience,>4.5/5.0 or >90%,Primary,1
Customer Journey Analytics,Customer Satisfaction Score (CSAT),Service Delivery & Customer Experience,>4.5/5.0 or >90%,Secondary,1
Customer Relationship Management (CRM),Customer Satisfaction Score (CSAT),Service Delivery & Customer Experience,>4.5/5.0 or >90%,Primary,1
Customer Satisfaction Survey Platforms,Customer Satisfaction Score (CSAT),Service Delivery & Customer Experience,>4.5/5.0 or >90%,Primary,1
Dashboard Analytics,Data Analytics Utilization Rate,Innovation & Technology Integration,>80% of operational decisions,Secondary,1
Data Governance Platforms,Data Analytics Utilization Rate,Innovation & Technology Integration,>80% of operational decisions,Secondary,1
Data Governance Tools,"Cloud, Data & AI Integration Score",Innovation & Technology Integration,>60% of services integrated,Secondary,1
Data Integration Platforms,"Cloud, Data & AI Integration Score",Innovation & Technology Integration,>60% of services integrated,Primary,1
Data Loss Prevention (DLP),Policy Violation Rate,Security & Compliance,<2% violation rate,Primary,1
Data Quality Tools,Predictive Analytics Accuracy,Continuous Improvement & Analytics,>85% prediction accuracy,Secondary,1
Data Science Platforms,Data Analytics Utilization Rate,Innovation & Technology Integration,>80% of operational decisions,Secondary,1
Data Warehouse Analytics,Data Analytics Utilization Rate,Innovation & Technology Integration,>80% of operational decisions,Primary,1
Decision Support Systems,Data Analytics Utilization Rate,Innovation & Technology Integration,>80% of operational decisions,Primary,1
Deployment Tools,Deployment Frequency,Resource & Performance Management,"Daily deployments for non-critical, weekly for critical",Secondary,1
DevOps Pipeline Analytics,Time to Market for New Services,Service Delivery & Customer Experience,30% reduction year-over-year,Primary,1
Digital Transformation Scorecards,Technology Modernization Index,Innovation & Technology Integration,>70% modern technology adoption,Secondary,1
Drift Detection Tools,Infrastructure Standardization Rate,Resource & Performance Management,>90% standardization,Secondary,1
Employee Suggestion Systems,Process Improvement Implementation Rate,Continuous Improvement & Analytics,5+ improvements per quarter,Secondary,1
Endpoint Detection Response (EDR),Vulnerability Patching Time,Security & Compliance,<72 hours for critical vulnerabilities,Secondary,1
Enterprise Resource Planning (ERP) Systems,Total Cost of Ownership (TCO) Reduction %,Cost Optimization & Financial Management,10-15% annual reduction,Primary,1
Escalation Management,First Contact Resolution Rate,Service Delivery & Customer Experience,>75% first contact resolution,Secondary,1
Event Management Platforms,Event Correlation Effectiveness,Continuous Improvement & Analytics,>60% event correlation,Primary,1
Fault Analysis Software,Root Cause Analysis Resolution Rate,Continuous Improvement & Analytics,>90% of major incidents,Primary,1
Feature Engineering Platforms,Predictive Analytics Accuracy,Continuous Improvement & Analytics,>85% prediction accuracy,Secondary,1
FinOps Tools,Total Cost of Ownership (TCO) Reduction %,Cost Optimization & Financial Management,10-15% annual reduction,Primary,1
Forensic Platforms,Root Cause Analysis Resolution Rate,Continuous Improvement & Analytics,>90% of major incidents,Primary,1
Forensics Tools,Security Incident Response Time,Security & Compliance,<1 hour for high-severity incidents,Secondary,1
Governance Risk Compliance (GRC),Security Compliance Score,Security & Compliance,>95% compliance,Primary,1
HR Information Systems,Policy Violation Rate,Security & Compliance,<2% violation rate,Secondary,1
Hypervisor Management,Resource Utilization Rate,Resource & Performance Management,70-85% optimal utilization,Secondary,1
IP Management Systems,Innovation Pipeline Velocity,Innovation & Technology Integration,2-3 major initiatives per quarter,Secondary,1
IT Operations Analytics (ITOA),Event Correlation Effectiveness,Continuous Improvement & Analytics,>60% event correlation,Primary,1
Idea Management Systems,Innovation Pipeline Velocity,Innovation & Technology Integration,2-3 major initiatives per quarter,Primary,1
Identity and Access Management (IAM),Policy Violation Rate,Security & Compliance,<2% violation rate,Primary,1
Incident Response Management,Security Incident Response Time,Security & Compliance,<1 hour for high-severity incidents,Primary,1
Innovation Labs Tools,Innovation Pipeline Velocity,Innovation & Technology Integration,2-3 major initiatives per quarter,Secondary,1
Innovation Management Platforms,Innovation Pipeline Velocity,Innovation & Technology Integration,2-3 major initiatives per quarter,Primary,1
Invoice Processing Systems,Vendor Cost Savings,Cost Optimization & Financial Management,5-10% savings on renewals,Secondary,1
Knowledge Management,Root Cause Analysis Resolution Rate,Continuous Improvement & Analytics,>90% of major incidents,Secondary,1
Knowledge Management Systems,First Contact Resolution Rate,Service Delivery & Customer Experience,>75% first contact resolution,Primary,1
Kubernetes Cost Management,Cost per Service/Application,Cost Optimization & Financial Management,Downward trend month-over-month,Primary,1
Lean Six Sigma Tracking,Process Improvement Implementation Rate,Continuous Improvement & Analytics,5+ improvements per quarter,Secondary,1
Legacy Assessment Platforms,Technology Modernization Index,Innovation & Technology Integration,>70% modern technology adoption,Primary,1
Lessons Learned Systems,Root Cause Analysis Resolution Rate,Continuous Improvement & Analytics,>90% of major incidents,Secondary,1
Load Balancer Analytics,Service Availability/Uptime %,Operational Efficiency & Automation,99.9% for critical services,Primary,1
Log Aggregation Systems,Mean Time to Recovery (MTTR),Operational Efficiency & Automation,<4 hours for critical services,Secondary,1
Log Analysis Platforms,Event Correlation Effectiveness,Continuous Improvement & Analytics,>60% event correlation,Secondary,1
Log Analysis Tools,Root Cause Analysis Resolution Rate,Continuous Improvement & Analytics,>90% of major incidents,Secondary,1
ML Event Processing,Event Correlation Effectiveness,Continuous Improvement & Analytics,>60% event correlation,Secondary,1
ML Model Performance Tracking,Predictive Analytics Accuracy,Continuous Improvement & Analytics,>85% prediction accuracy,Primary,1
MLOps Platforms,Predictive Analytics Accuracy,Continuous Improvement & Analytics,>85% prediction accuracy,Primary,1
Market Research Tools,Vendor Cost Savings,Cost Optimization & Financial Management,5-10% savings on renewals,Secondary,1
Microservices Tracking,"Cloud, Data & AI Integration Score",Innovation & Technology Integration,>60% of services integrated,Secondary,1
Model Explainability Tools,Predictive Analytics Accuracy,Continuous Improvement & Analytics,>85% prediction accuracy,Secondary,1
Model Performance Monitoring,"Cloud, Data & AI Integration Score",Innovation & Technology Integration,>60% of services integrated,Secondary,1
Model Validation Systems,Predictive Analytics Accuracy,Continuous Improvement & Analytics,>85% prediction accuracy,Primary,1
Monitoring and Alerting Platforms,Mean Time to Recovery (MTTR),Operational Efficiency & Automation,<4 hours for critical services,Primary,1
Multi-Cloud Management Platforms,Multi-Cloud Management Efficiency,Resource & Performance Management,Industry benchmark +10%,Primary,1
Multi-Cloud Networking,Multi-Cloud Management Efficiency,Resource & Performance Management,Industry benchmark +10%,Secondary,1
Multi-cloud Cost Tools,Cloud Spend Optimization Rate,Cost Optimization & Financial Management,>85% of resources optimized,Secondary,1
Net Promoter Score (NPS) Tools,Customer Satisfaction Score (CSAT),Service Delivery & Customer Experience,>4.5/5.0 or >90%,Secondary,1
Network Monitoring,Event Correlation Effectiveness,Continuous Improvement & Analytics,>60% event correlation,Secondary,1
Network Operations Center (NOC),Mean Time to Recovery (MTTR),Operational Efficiency & Automation,<4 hours for critical services,Primary,1
Network Performance Monitoring,Service Availability/Uptime %,Operational Efficiency & Automation,99.9% for critical services,Secondary,1
Network Traffic Analysis,Security Incident Response Time,Security & Compliance,<1 hour for high-severity incidents,Secondary,1
On-call Management Systems,Mean Time to Recovery (MTTR),Operational Efficiency & Automation,<4 hours for critical services,Secondary,1
Patch Management Systems,Vulnerability Patching Time,Security & Compliance,<72 hours for critical vulnerabilities,Primary,1
Performance Diagnostics,Root Cause Analysis Resolution Rate,Continuous Improvement & Analytics,>90% of major incidents,Secondary,1
Performance Monitoring Systems,Service Level Agreement (SLA) Compliance,Service Delivery & Customer Experience,>99% compliance,Secondary,1
Performance Monitoring Tools,Resource Utilization Rate,Resource & Performance Management,70-85% optimal utilization,Primary,1
Policy Enforcement Points,Policy Violation Rate,Security & Compliance,<2% violation rate,Primary,1
Policy Management Platforms,Security Compliance Score,Security & Compliance,>95% compliance,Secondary,1
Policy as Code,Infrastructure Standardization Rate,Resource & Performance Management,>90% standardization,Secondary,1
Post-deployment Monitoring,Change Success Rate,Operational Efficiency & Automation,>95% success rate,Secondary,1
Predictive Analytics Platforms,Predictive Analytics Accuracy,Continuous Improvement & Analytics,>85% prediction accuracy,Primary,1
Privileged Access Management,Policy Violation Rate,Security & Compliance,<2% violation rate,Secondary,1
Problem Management Tools,Root Cause Analysis Resolution Rate,Continuous Improvement & Analytics,>90% of major incidents,Primary,1
Process Analytics,Process Improvement Implementation Rate,Continuous Improvement & Analytics,5+ improvements per quarter,Secondary,1
Process Documentation Systems,Automation Coverage %,Operational Efficiency & Automation,>80% of routine processes automated,Secondary,1
Process Documentation Tools,Process Improvement Implementation Rate,Continuous Improvement & Analytics,5+ improvements per quarter,Primary,1
Process Mining Tools,Process Improvement Implementation Rate,Continuous Improvement & Analytics,5+ improvements per quarter,Primary,1
Procurement Platforms,Vendor Cost Savings,Cost Optimization & Financial Management,5-10% savings on renewals,Primary,1
Procurement Systems,Total Cost of Ownership (TCO) Reduction %,Cost Optimization & Financial Management,10-15% annual reduction,Secondary,1
Product Management Platforms,Time to Market for New Services,Service Delivery & Customer Experience,30% reduction year-over-year,Primary,1
Project Management Tools,Time to Market for New Services,Service Delivery & Customer Experience,30% reduction year-over-year,Primary,1
Project Portfolio Management,Innovation Pipeline Velocity,Innovation & Technology Integration,2-3 major initiatives per quarter,Primary,1
Quality Assurance Systems,First Contact Resolution Rate,Service Delivery & Customer Experience,>75% first contact resolution,Secondary,1
R&D Tracking,Innovation Pipeline Velocity,Innovation & Technology Integration,2-3 major initiatives per quarter,Primary,1
RFP Management Systems,Vendor Cost Savings,Cost Optimization & Financial Management,5-10% savings on renewals,Secondary,1
RPA Tools,Automation Coverage %,Operational Efficiency & Automation,>80% of routine processes automated,Primary,1
Release Management Systems,Deployment Frequency,Resource & Performance Management,"Daily deployments for non-critical, weekly for critical",Primary,1
Requirements Management,Time to Market for New Services,Service Delivery & Customer Experience,30% reduction year-over-year,Secondary,1
Reserved Instance Management,Cloud Spend Optimization Rate,Cost Optimization & Financial Management,>85% of resources optimized,Primary,1
Resource Optimization,Resource Utilization Rate,Resource & Performance Management,70-85% optimal utilization,Secondary,1
Resource Utilization Monitoring,Cloud Spend Optimization Rate,Cost Optimization & Financial Management,>85% of resources optimized,Secondary,1
Review Aggregation Systems,Customer Satisfaction Score (CSAT),Service Delivery & Customer Experience,>4.5/5.0 or >90%,Secondary,1
Right-sizing Tools,Cloud Spend Optimization Rate,Cost Optimization & Financial Management,>85% of resources optimized,Primary,1
Risk Assessment Platforms,Deployment Frequency,Resource & Performance Management,"Daily deployments for non-critical, weekly for critical",Secondary,1
Rollback Tools,Change Success Rate,Operational Efficiency & Automation,>95% success rate,Secondary,1
Security Advisory Feeds,Vulnerability Patching Time,Security & Compliance,<72 hours for critical vulnerabilities,Primary,1
Security Compliance Frameworks,Security Compliance Score,Security & Compliance,>95% compliance,Primary,1
Security Operations Center (SOC),Security Incident Response Time,Security & Compliance,<1 hour for high-severity incidents,Primary,1
Security Orchestration Automation Response (SOAR),Security Incident Response Time,Security & Compliance,<1 hour for high-severity incidents,Primary,1
Security Training Platforms,Policy Violation Rate,Security & Compliance,<2% violation rate,Secondary,1
Service Catalog Management,Service Level Agreement (SLA) Compliance,Service Delivery & Customer Experience,>99% compliance,Secondary,1
Service Development Lifecycle,Time to Market for New Services,Service Delivery & Customer Experience,30% reduction year-over-year,Primary,1
Service Mesh Cost Tracking,Cost per Service/Application,Cost Optimization & Financial Management,Downward trend month-over-month,Primary,1
Service Mesh Monitoring,"Cloud, Data & AI Integration Score",Innovation & Technology Integration,>60% of services integrated,Secondary,1
Service Performance Dashboards,Service Level Agreement (SLA) Compliance,Service Delivery & Customer Experience,>99% compliance,Primary,1
Social Media Monitoring,Customer Satisfaction Score (CSAT),Service Delivery & Customer Experience,>4.5/5.0 or >90%,Secondary,1
Spot Instance Management,Cloud Spend Optimization Rate,Cost Optimization & Financial Management,>85% of resources optimized,Secondary,1
Supplier Relationship Management,Vendor Cost Savings,Cost Optimization & Financial Management,5-10% savings on renewals,Primary,1
Synthetic Monitoring Platforms,Service Availability/Uptime %,Operational Efficiency & Automation,99.9% for critical services,Primary,1
Task Management Platforms,Automation Coverage %,Operational Efficiency & Automation,>80% of routine processes automated,Secondary,1
Technical Debt Tracking,Technology Modernization Index,Innovation & Technology Integration,>70% modern technology adoption,Secondary,1
Technology Asset Inventory,Technology Modernization Index,Innovation & Technology Integration,>70% modern technology adoption,Primary,1
Technology Roadmap Management,Technology Modernization Index,Innovation & Technology Integration,>70% modern technology adoption,Primary,1
Technology Scouting,Innovation Pipeline Velocity,Innovation & Technology Integration,2-3 major initiatives per quarter,Secondary,1
Template Management,Infrastructure Standardization Rate,Resource & Performance Management,>90% standardization,Secondary,1
Testing Tools,Time to Market for New Services,Service Delivery & Customer Experience,30% reduction year-over-year,Secondary,1
Threat Detection Platforms,Security Incident Response Time,Security & Compliance,<1 hour for high-severity incidents,Secondary,1
Threat Intelligence Platforms,Vulnerability Patching Time,Security & Compliance,<72 hours for critical vulnerabilities,Secondary,1
Time Tracking Systems,Cost per Service/Application,Cost Optimization & Financial Management,Downward trend month-over-month,Secondary,1
Training Management,First Contact Resolution Rate,Service Delivery & Customer Experience,>75% first contact resolution,Secondary,1
User Entity Behavior Analytics (UEBA),Policy Violation Rate,Security & Compliance,<2% violation rate,Primary,1
Vendor Invoice Management Systems,Total Cost of Ownership (TCO) Reduction %,Cost Optimization & Financial Management,10-15% annual reduction,Primary,1
Vendor Lifecycle Tools,Technology Modernization Index,Innovation & Technology Integration,>70% modern technology adoption,Secondary,1
Vendor Management Systems,Vendor Cost Savings,Cost Optimization & Financial Management,5-10% savings on renewals,Primary,1
Version Control Analytics,Deployment Frequency,Resource & Performance Management,"Daily deployments for non-critical, weekly for critical",Primary,1
Version Control Systems,Change Success Rate,Operational Efficiency & Automation,>95% success rate,Secondary,1
Vulnerability Management Systems,Security Compliance Score,Security & Compliance,>95% compliance,Primary,1
Vulnerability Scanners,Vulnerability Patching Time,Security & Compliance,<72 hours for critical vulnerabilities,Primary,1
Workflow Management Systems,Automation Coverage %,Operational Efficiency & Automation,>80% of routine processes automated,Primary,1
Workflow Optimization,Process Improvement Implementation Rate,Continuous Improvement & Analytics,5+ improvements per quarter,Primary,1
Workload Management,Resource Utilization Rate,Resource & Performance Management,70-85% optimal utilization,Secondary,1
