KPI Category,KPI Name,Target,Key Outcome,Why Important
Cost Optimization & Financial Management,Total Cost of Ownership (TCO) Reduction %,10-15% annual reduction,1. Cost Reduction & Vendor Management,"Directly measures success in reducing costs through standardisation, automation, and vendor management"
Cost Optimization & Financial Management,Cost per Service/Application,Downward trend month-over-month,1. Cost Reduction & Vendor Management,Enables granular cost tracking and identification of expensive workloads for optimization
Cost Optimization & Financial Management,Cost per Service/Application,Downward trend month-over-month,4. Cloud/Data/AI Synergies & Innovation,Enables granular cost tracking and identification of expensive workloads for optimization
Cost Optimization & Financial Management,Cloud Spend Optimization Rate,>85% of resources optimized,1. Cost Reduction & Vendor Management,Tracks effectiveness of cloud cost management initiatives and vendor negotiations
Cost Optimization & Financial Management,Vendor Cost Savings,5-10% savings on renewals,1. Cost Reduction & Vendor Management,Measures effectiveness of vendor management strategies in reducing costs
Operational Efficiency & Automation,Automation Coverage %,>80% of routine processes automated,1. Cost Reduction & Vendor Management,Tracks progress in standardisation and automation initiatives that drive cost reduction and efficiency
Operational Efficiency & Automation,Automation Coverage %,>80% of routine processes automated,5. Continuous Improvement & Analytics,Tracks progress in standardisation and automation initiatives that drive cost reduction and efficiency
Operational Efficiency & Automation,Mean Time to Recovery (MTTR),<4 hours for critical services,"2. Security, Compliance & Risk Management",Measures operational efficiency and incident response capabilities
Operational Efficiency & Automation,Mean Time to Recovery (MTTR),<4 hours for critical services,5. Continuous Improvement & Analytics,Measures operational efficiency and incident response capabilities
Operational Efficiency & Automation,Service Availability/Uptime %,99.9% for critical services,"2. Security, Compliance & Risk Management",Demonstrates reliability and quality of service delivery to customers and stakeholders
Operational Efficiency & Automation,Service Availability/Uptime %,99.9% for critical services,3. Strategic Alignment & Service Delivery,Demonstrates reliability and quality of service delivery to customers and stakeholders
Operational Efficiency & Automation,Change Success Rate,>95% success rate,"2. Security, Compliance & Risk Management",Indicates maturity of change management processes and risk mitigation
Operational Efficiency & Automation,Change Success Rate,>95% success rate,5. Continuous Improvement & Analytics,Indicates maturity of change management processes and risk mitigation
Security & Compliance,Security Compliance Score,>95% compliance,"2. Security, Compliance & Risk Management",Tracks effectiveness of CI controls and governance processes for risk management
Security & Compliance,Vulnerability Patching Time,<72 hours for critical vulnerabilities,"2. Security, Compliance & Risk Management",Measures effectiveness of patch and vulnerability management processes
Security & Compliance,Security Incident Response Time,<1 hour for high-severity incidents,"2. Security, Compliance & Risk Management",Demonstrates capability to mitigate operational and cyber risks quickly
Security & Compliance,Security Incident Response Time,<1 hour for high-severity incidents,5. Continuous Improvement & Analytics,Demonstrates capability to mitigate operational and cyber risks quickly
Security & Compliance,Policy Violation Rate,<2% violation rate,"2. Security, Compliance & Risk Management",Tracks adherence to established governance processes and CI controls
Service Delivery & Customer Experience,Customer Satisfaction Score (CSAT),>4.5/5.0 or >90%,3. Strategic Alignment & Service Delivery,Measures alignment with customer needs and effectiveness of service delivery
Service Delivery & Customer Experience,Customer Satisfaction Score (CSAT),>4.5/5.0 or >90%,4. Cloud/Data/AI Synergies & Innovation,Measures alignment with customer needs and effectiveness of service delivery
Service Delivery & Customer Experience,Service Level Agreement (SLA) Compliance,>99% compliance,3. Strategic Alignment & Service Delivery,Demonstrates ability to meet committed service levels and strategic objectives
Service Delivery & Customer Experience,First Contact Resolution Rate,>75% first contact resolution,3. Strategic Alignment & Service Delivery,Indicates efficiency of service delivery and continuous improvement processes
Service Delivery & Customer Experience,First Contact Resolution Rate,>75% first contact resolution,5. Continuous Improvement & Analytics,Indicates efficiency of service delivery and continuous improvement processes
Service Delivery & Customer Experience,Time to Market for New Services,30% reduction year-over-year,3. Strategic Alignment & Service Delivery,Measures agility in delivering new capabilities to support business growth
Service Delivery & Customer Experience,Time to Market for New Services,30% reduction year-over-year,4. Cloud/Data/AI Synergies & Innovation,Measures agility in delivering new capabilities to support business growth
Innovation & Technology Integration,"Cloud, Data & AI Integration Score",>60% of services integrated,4. Cloud/Data/AI Synergies & Innovation,"Tracks progress in realizing synergies between Cloud, Data, and AI technologies"
Innovation & Technology Integration,Data Analytics Utilization Rate,>80% of operational decisions,4. Cloud/Data/AI Synergies & Innovation,Measures leverage of data analytics for efficiency and competitive advantage
Innovation & Technology Integration,Data Analytics Utilization Rate,>80% of operational decisions,5. Continuous Improvement & Analytics,Measures leverage of data analytics for efficiency and competitive advantage
Innovation & Technology Integration,Innovation Pipeline Velocity,2-3 major initiatives per quarter,4. Cloud/Data/AI Synergies & Innovation,Tracks delivery of innovative solutions that drive efficiency and customer experience
Innovation & Technology Integration,Technology Modernization Index,>70% modern technology adoption,1. Cost Reduction & Vendor Management,Measures progress in CI modernisation and technology advancement
Innovation & Technology Integration,Technology Modernization Index,>70% modern technology adoption,4. Cloud/Data/AI Synergies & Innovation,Measures progress in CI modernisation and technology advancement
Continuous Improvement & Analytics,Predictive Analytics Accuracy,>85% prediction accuracy,5. Continuous Improvement & Analytics,Measures effectiveness of predictive analytics in preventing issues
Continuous Improvement & Analytics,Root Cause Analysis Resolution Rate,>90% of major incidents,5. Continuous Improvement & Analytics,Tracks systematic approach to continuous improvement through problem resolution
Continuous Improvement & Analytics,Process Improvement Implementation Rate,5+ improvements per quarter,5. Continuous Improvement & Analytics,Measures commitment to continuous improvement and operational excellence
Continuous Improvement & Analytics,Event Correlation Effectiveness,>60% event correlation,5. Continuous Improvement & Analytics,Tracks effectiveness of event tuning and automation in reducing operational overhead
Resource & Performance Management,Resource Utilization Rate,70-85% optimal utilization,1. Cost Reduction & Vendor Management,Indicates efficiency in resource allocation and identifies optimization opportunities
Resource & Performance Management,Resource Utilization Rate,70-85% optimal utilization,4. Cloud/Data/AI Synergies & Innovation,Indicates efficiency in resource allocation and identifies optimization opportunities
Resource & Performance Management,Multi-Cloud Management Efficiency,Industry benchmark +10%,1. Cost Reduction & Vendor Management,Measures effectiveness in managing complex multi-cloud environments
Resource & Performance Management,Multi-Cloud Management Efficiency,Industry benchmark +10%,3. Strategic Alignment & Service Delivery,Measures effectiveness in managing complex multi-cloud environments
Resource & Performance Management,Deployment Frequency,"Daily deployments for non-critical, weekly for critical",1. Cost Reduction & Vendor Management,Indicates agility and efficiency of deployment processes through automation
Resource & Performance Management,Deployment Frequency,"Daily deployments for non-critical, weekly for critical",5. Continuous Improvement & Analytics,Indicates agility and efficiency of deployment processes through automation
Resource & Performance Management,Infrastructure Standardization Rate,>90% standardization,1. Cost Reduction & Vendor Management,Tracks progress in standardisation efforts that drive cost reduction and consistency
Resource & Performance Management,Infrastructure Standardization Rate,>90% standardization,"2. Security, Compliance & Risk Management",Tracks progress in standardisation efforts that drive cost reduction and consistency
